,label,date,author,titles,article
0,1,2018, Olivier Berruyer ,Quelques ordres de grandeur du réchauffement planétaire ,"Suite à ce billet sur le climat, je vous propose un court billet en complément permettant de vérifier les ordres de grandeur du réchauffement planétaire, par un calcul assez simple… Rappelons pourtant que la consommation des énergies fossiles représente un équivalent de 37 milliards de litres de pétrole par jour. Soit, pour mieux percevoir, près de 450 000 litres par seconde, soit environ 1 piscine olympique toutes les 6 secondes. Cela finit par beaucoup polluer l’atmosphère. 1 litre de pétrole produit, environ, 2,5 kilos de gaz carbonique CO2. On arrive donc à environ 35 milliards de tonnes de CO2 rejetés par an (soit 35 GigaTonnes ou Gt). On a donc ceci pour les émissions de CO2 (totales depuis 1750, et uniquement pour les énergies fossiles depuis 1960) :   Or l’atmosphère pèse environ 5,2 millions de Gt, elle est constituée de 0,0614 % de CO2 en masse (et 0,0405 % en volume) soit 3 200 Gt de CO2 (source). On mesure conventionnellement la concentration des composants de l’atmosphère en « partie par million » ou ppm, soit la millionième partie de l’atmosphère en volume. Des chiffres précédents, on tire qu’une concentration de l’atmosphère en CO2 de 1 ppm correspond à 7,9 Gt de CO2. Les émissions humaines issues des combustibles fossiles étant de 35 milliards de tonnes de CO2 par an, elles augmentent donc la quantité de CO2 dans l’atmosphère de plus de 4 ppm par an. Mais en fait, comme il y a d’autres émissions que celles dues aux seules énergies fossiles (en particulier celles liées aux changements d’utilisation des sols), les émissions sont en fait d’environ 41 Mdt – soit plus de 5 ppm par an. Mais par chance, cette hausse est contrebalancée par captations naturelles : les océans en absorbent environ 9 Mdt et les terres également 10 Mdt. L’augmentation totale de CO2 dans l’atmosphère est donc d’environ 22 Mdt par an, soit un peu moins de 3 ppm par an. C’est exactement ce qu’on constate pour le CO2 dans l’atmosphère (premier graphe, concentration totale ; second graphe : augmentation annuelle)   Bref, on sait très bien ce que devient le pétrole qu’on brûle : sans grande surprise, il pollue l’atmosphère, et vu les quantités émises, c’est tout sauf négligeable… (pour ceux qui auraient encore un doute, sachez que les scientifiques savent que le CO2 émis tous les ans vient bien des énergies fossiles, en raison de sa concentration isotopique particulière) Enfin, dernier calcul de coin de table : le CO2 est responsable d’environ 26 % de l’effet de serre de la planète (les autres sont la vapeur d’eau pour 60 % et l’ozone pour 8 % et le méthane pour 6 % – source). Celui-ci permet à la Terre de passer de -18 °C à + 15 °C (source), soit + 32 °C, dont 8 °C environ pour le CO2. Comme l’atmosphère est passée durant le XXe siècle d’une concentration de 300 ppm de CO2 à 400 ppm, il est finalement assez peu surprenant de constater que la température a augmenté d’environ 1,5 °C…  Je terminerai par un petit hommage à Svante Arrhenius, qui a proposé la première estimation de l’impact du niveau de dioxyde de carbone sur les températures terrestres en… 1896 (dans cet article):   Inquiet des conséquences sur l’atmosphère de l’exploitation du charbon, il a alors prédit qu’un doublement (2.0) de la concentration en CO2 (« carbon acid ») induirait une hausse des températures de 5,7°C à nos latitudes – ce qui n’est qu’assez peu supérieur (de moins d’1°C) aux estimations actuelles… P.S. Comme d’habitude, nous rappelons à tous ceux qui veulent expliquer en commentaire à quel point la grande masse des climatologues a tort, de proposer plutôt un papier scientifique au magazine Science et d’en débattre avec eux après publication – ce n’est pas l’objet de l’espace commentaire de ce blog. (voir aussi ces éléments de discussion à la fin de ce billet), et nous serons forcés de les supprimer… EDIT : 3 graphes de plus :    Les températures depuis 2 000 ans (sources et légende ici) :  "
1,1,2019,,"Macron ""soutient"" dans ""ses intentions"" le maire qui a pris un arrêté anti-pesticides ","Emmanuel Macron a assuré ce vendredi soutenir ""dans ses intentions"" le maire de Langouët (Ille-et-Vilaine) poursuivi par la justice pour avoir pris un arrêté anti-pesticides... tout en rappelant la nécessité de respecter la loi.  ""J'avais des convictions, j'ai changé d'ailleurs ces derniers mois, très profondément"", a assuré le chef de l'État, interrogé à l'Élysée par le site Konbini, juste avant le début samedi du G7 à Biarritz.  ""J'ai aussi beaucoup lu, beaucoup appris. Les scientifiques se sont également beaucoup mobilisés et je pense qu'on a tous à apporter une part de réponse"", a-t-il insisté, assurant que les manifestations de jeunes pour le climat l'avaient ""fait réfléchir"".  Durant l'interview, le chef de l'État a été interpellé, via une vidéo enregistrée par le maire de Langouët (Ille-et-Vilaine) qui a pris, le 18 mai, un arrêté interdisant l'utilisation de produits phytopharmaceutiques à moins de 150 mètres des habitations. ""Madame la préfète de la République vient de saisir le tribunal administratif pour suspendre cet arrêté, trouvez-vous cela normal ?"", lui a ainsi demandé Daniel Cueff, qui a comparu jeudi pour défendre sa décision.   ""Il y a des lois, elle [la préfète] doit les faire respecter, donc je serai toujours derrière les préfets qui font respecter les lois"", a d'abord plaidé Emmanuel Macron, en estimant que ""la solution n'est pas de prendre un arrêté qui n'est pas conforme à la loi"" mais plutôt ""de mobiliser pour changer la loi"".   En ce sens, le chef de l'État a souhaité ""aller vers un encadrement des zones d'épandage de pesticides"", en pointant ""les conséquences sur la santé publique"". ""Donc Monsieur le maire, il a raison sur ses motivations"", a déclaré Emmanuel Macron, alors que la décision du tribunal administratif de Rennes est attendue la semaine prochaine et que la justice est saisie à Rouen pour un cas similaire d'arrêté municipal dans l'Eure.  ""Je le soutiens dans ses intentions"", a-t-il insisté. ""Mais je ne peux pas être d'accord quand on ne respecte pas la loi, c'est normal, et ça on va le changer vite"", a-t-il poursuivi, en évoquant la nécessité ""d'avoir aussi des discussions avec les agriculteurs, les producteurs pour que ça leur permette de fonctionner, parce que tout ça a un coût pour eux"".  "
2,1,2010,,La voiture électrique sauvera-t-elle le climat ? (2010) ,"Les voitures électriques sont de plus en plus considérées comme le moyen par excellence pour réduire l’impact de la circulation automobile sur le climat. Est-ce réaliste ? Les voitures électriques sont en effet plus efficaces d’un point de vue énergétique, moins polluantes et permettent l’utilisation de différentes sources d’énergie, y compris les renouvelables. En tant que telles, elles peuvent (et doivent) contribuer dans une importante mesure et à long terme au transport durable. Mais bien des points d’interrogation subsistent.
  Si la problématique du climat est extrêmement urgente, les scénarios d’introduction des voitures électriques dans le parc automobile sont quant à eux assez lents. La plupart des pronostics concernant l’arrivée des plug-ins hybrides et des voitures électriques indiquent une arrivée discrète pour 2020 et donc un impact limité sur les réductions des émissions pour 2030. La plupart prévoient que les voitures électriques resteront au moins jusqu’en 2015 encore un produit de niche, pour des raisons de coûts et de prestations.
  A court et à moyen termes, la voiture électrique ne pourra donc pas fournir de contribution importante à la lutte contre les changements climatiques. Et pourtant, les experts disent que l’électrification du transport est nécessaire pour réaliser à long terme les importantes réductions requises dans le secteur du transport. Car la possibilité de rendre les voitures équipées d’un moteur à explosion plus économes est limitée. Mais il y a d’importantes remarques à formuler quant à l’impact de la voiture électrique sur les émissions de la circulation automobile, qui pourraient hypothéquer gravement le bénéfice environnemental :
  A cause de la structure probable des coûts de la voiture électrique (coût d’achat plus élevé, mais coûts plus faibles au km), le risque est grand que le nombre de kilomètres parcourus et donc le volume de la circulation augmentent.
Il existe également un risque que les voitures électriques viennent s’ajouter, et non pas remplacer, aux voitures conventionnelles (par exemple à cause de leur autonomie limitée).
Parce que, et certainement à court et à moyen termes, la voiture électrique sera surtout intéressante pour les courtes distances en ville et en périphérie, le risque est réel que les voitures électriques remplacent les déplacements plus durables, comme le vélo et les transports publics.
A cause du coût relativement faible du chargement de la voiture électrique, la recherche pour mettre au point des voitures plus efficaces pourrait être négligée et le nombre de voitures fortement surmotorisées resterait important, voire augmenterait.
  Une introduction non contrôlée des voitures électriques implique également le risque que le mix énergétique non durable actuel soit maintenu ou même renforcé les prochaines décennies. La pression en vue de construire des nouvelles centrales nucléaires et au charbon augmenterait considérablement, ce qui n’est absolument pas à l’avantage d’une politique énergétique durable et positive pour le climat et réduirait considérablement le bénéfice environnemental des voitures électriques. L’introduction de la voiture électrique doit, en d’autres termes, aller de pair avec la ‘verdisation’ du secteur de l’énergie.
  Le succès des voitures électriques dépend de leurs batteries, de leur production, de leur coût et de leur impact environnemental. Cette question fait encore l’objet de nombreux points d’interrogation, qui doivent être résolus avant que débute la vente massive de voitures électriques.
  Nous devons viser des voitures électriques efficaces – basées autant que faire se peut sur une capacité de production renouvelable supplémentaire – qui remplacent les voitures conventionnelles à l’essence et au diesel. En même temps, des mesures complémentaires doivent être prises pour assurer que le nombre de véhicules et les kilomètres qu’ils parcourent n’augmentent pas. L’évitement du transport, la promotion des transports publics et des autres transports durables doivent rester des priorités absolues. Il faut en même temps viser une utilisation plus écologique et renouvelable de l’énergie. Avec la politique belge et européenne actuelle, nous ne réaliserons pas ce scénario.  
La voiture électrique sauvera-t-elle le climat ? La réponse est négative. Mais elle offre toutefois bien des possibilités de réduire considérablement les émissions du secteur du transport à long terme, à condition que cette réduction aille de pair avec une ‘verdisation’ générale et accélérée du secteur du transport et de l’énergie. Mais pour cela, il faut un cadre politique adéquat. "
3,1,2020,,Paris : le siège du Medef aspergé de faux sang par des militants d'Extinction Rebellion ,"Des militants du mouvement écologiste Extinction Rebellion ont mené ce vendredi une action coup de poing contre le Medef à Paris, aspergeant sa façade de faux sang pour dénoncer des ""lobbies"" qui empêchent selon eux l'application des mesures environnementales.  Déguisés en hommes et femmes d'affaires, fumant de gros cigares, une quinzaine de militants se sont regroupés devant le siège du patronat où ils ont parodié ""le discours pro-économique et écocidaire"" de ce ""lobby influent"", puis chanté ""quel plaisir de polluer!"". Ils ont ensuite déployé une banderole proclamant ironiquement ""Gloire au Medef"", et aspergé la façade du bâtiment de faux sang avec une motopompe.  ""Nous dénonçons l'influence actuelle qu'ont les lobbies très polluants, que ce soient les lobbies de l'agro-industrie, le Medef, l'industrie du plastique qui, alors que le Covid n'était pas terminé, ont commencé à envoyer des courriers pour demander la suspension des normes environnementales qui sont aujourd'hui nécessaires pour notre survie"", a déclaré à l'AFP un membre d'Extinction Rebellion.  ""On voulait à la fois dénoncer le cynisme et montrer que c'est quelque chose de dramatique. Il y a déjà des morts à cause de la crise climatique, des famines, des épidémies, et donc ces gens-là ont du sang sur les mains, il faut le dire"", a-t-il ajouté. Pour Extinction Rebellion, ""le vrai coupable, c'est d'abord l'exécutif qui accepte ces relations et cette influence dans ses choix"", explique le mouvement dans un communiqué. Les forces de l'ordre sont arrivées après l'action, aucune interpellation n'a eu lieu.    "
4,3,2019,Volti Modifier l'article ,"Le Nouveau Monde révolutionne les territoires, et les met sous surveillance.. ","Liliane nous propose une rétro-news sur le devenir de nos villes. On ne s’étonnera pas de tout ce qui est fait actuellement, pour nous pousser à devenir les proies de ces villes intelligentes. La 5G, les compteurs « intelligents », la suppression à terme des véhicules thermiques, la profusion des objets connectés, les caméras intégrées dans les Tv, la captation des terres (pour des méga-fermes ?) La révision du droit de propriété, la disparition de l’argent liquide, etc etc… Plus aucun citoyen n’échappera à la surveillance de masse qui se prépare. Après avoir saccagé la planète, pour des profits maximums, c’est le « totalitarisme vert » qui nous sera imposé. Qui voudra vivre dans ces mégalopoles orwelliennes où, tout est sous contrôle ? Qu’en sera-t-il de la sécurité de ce système ? Les hackers adorent relever ce genre de défi .. Paradis ou Enfer ?  Voici un article de 2015 du journal Sud-Ouest. Il nous présente le concept qui sous-tend le réaménagement du territoire. Ce monde est déjà presque prêt. Il vous suffit de voir l’importance des travaux de génie civil et de construction qui ont été réalisés partout dans le monde. En Suisse, le territoire est recouvert de grues. Les travaux ne semblent avoir oublié aucune autoroute, route, chemin ou impasse.  Les compteurs intelligents d’eau ou d’électricité s’imposent à cause précisément de ces concepts de villes, pour ne pas dire de ressources humaines, connectées. Bien que vieux, cet article vous donnera une image très précise de ce qui vous attend, et de la mobilité réduite que l’on ne manquera pas d’imposer. Un territoire sous surveillance, pour une humanité sous contrôle.  Dans un monde post-carbone à +2°C, nous vivrons dans des éco-villes « intelligentes », denses et verticales, et nos maisons seront « vertes » Alimentation, urbanisme, logement, transports… Le réchauffement climatique va bouleverser notre vie quotidienne. A quoi ressemblera notre monde demain? Toute la semaine, Sudouest.fr décline cette thématique à travers plusieurs problématiques. Retrouvez tous nos articles sur la COP21 ici "
5,3,,,"Hawking: ""La Terre sera une grosse boule de feu d'ici 2600"" ","""L'humanité doit faire des plans pour quitter la planète, sinon nous risquons l'extermination"", a prévenu Stephen Hawking lors du sommet ""Tencent WE Summit"" qui s'est déroulé à Pekin. Les jours de notre planète sont comptés. Lors du sommet ""Tencent WE Summit"" qui s'est déroulé à Pekin, le célèbre physicien Stephen Hawking a dévoilé les catastrophes dans lesquelles l'humanité risque de disparaître.

""Nous risquons l'extermination""
""D'ici 2600, la Terre se transformera en une grosse boule de feu. L'humanité doit faire des plans pour quitter la planète, sinon nous risquons l'extermination"", prévient Stephen Hawking dans des propos relayés par NDTV.

Heureusement, toujours d'après le scientifique britannique, il existe un moyen d'éviter cette catastrophe: s'enfuir vers d'autres planètes. Si les êtres humains veulent poursuivre leur existence pour encore un million d'années, ils doivent aller dans des endroits où personne ne s'est jamais rendu.

""Breakthrough Starshot""
Stephen Hawking en a aussi profité pour appeler les investisseurs à soutenir son projet ""Breakthrough Starshot"" ayant pour objectif d'entreprendre un voyage vers Alpha Centauri, l'étoile la plus proche de notre système solaire. L'aéronef du projet Breakthrough Starshot est capable d'atteindre cette étoile en 20 ans.

""Alors qu'il faudrait au moins 30 ans aux vaisseaux spatiaux modernes pour réaliser ce voyage"", conclut le physicien.   "
6,1,2018,,Bern se félicite de l'arrêt des travaux d'une nouvelle route ,"L'animateur Stéphane Bern a salué vendredi ""une belle victoire des défenseurs de l'environnement"", après la suspension du contournement routier de Beynac-et-Cazenac, accusant le président du conseil départemental de la Dordogne, Germinal Peiro (PS), de s'être comporté en ""potentat"".  ""Les gens ont eu raison de se révolter"" contre ce projet, a déclaré Stéphane Bern, rappelant qu'une écrasante majorité des habitants de la région y étaient hostiles. ""C'est une belle victoire des défenseurs de l'environnement et aussi des amoureux de la Dordogne"", a salué celui que le président Emmanuel Macron a chargé d'une mission pour la sauvegarde du patrimoine.  Il a vivement critiqué de nouveau l'attitude de Germinal Peiro : ""Ce qui est terrifiant, c'est qu'il a continué à bétonner"" entre la recommandation de suspension du rapporteur public et l'arrêt du Conseil d'Etat. ""Il s'est discrédité"", a-t-il fustigé, l'accusant de s'être comporté en ""potentat local qui a fait pression sur les élus locaux"". ""J'espère qu'on va détricoter tout ce massacre"", causé par Germinal Peiro, a-t-il dit.  Selon la plus haute juridiction administrative, l'arrêté préfectoral contesté par trois associations avait ""pour effet d'autoriser des travaux conduisant à la destruction de l'habitat d'espèces protégées et entraînant des conséquences irréversibles pour les individus de ces espèces"". La semaine dernière, le rapporteur public du Conseil d'Etat avait recommandé cette suspension.  Le projet consistait en la construction dans l'une des vallées les plus touristiques du Périgord d'une déviation routière de 3,2 km, de deux ponts et d'un pont-rail pour un coût de plus de 30 millions d'euros.  Dans son arrêt, le Conseil d'Etat relève que le ""bénéfice attendu de cette déviation apparaît limité"" eu égard aux travaux d'élargissement des voies déjà réalisés dans la commune et au fait que le trafic estival est essentiellement dû à l'importante fréquentation touristique.    "
7,3,2019,,"Et pendant ce temps là, en ville : La COP 25… Par Guillaume Berlat ","Comme il existe des grands festivals musicaux, théâtraux…, il existe des cirques diplomatiques. Nous parlons des grands-messes dont le machin (l’ONU) est particulièrement friand. À intervalles réguliers, la mauvaise troupe diplomatique transporte son chapiteau aux quatre coins de la planète pour y donner sa représentation… de piètre facture en dépit de l’urgence1. Dans cette catégorie enviée, l’on peut citer l’exercice annuel – à quelques semaines de l’arrivée du Père Noël – des conférences des États parties à la convention sur le climat. Exercice plus connu sous son acronyme de COP2. Si l’on notait les rendez-vous internationaux sur le climat selon les mêmes critères que la performance énergétique des réfrigérateurs, il y a de fortes chances que la COP25 – la 25e conférence annuelle de la convention-cadre des Nations unies sur le changement climatique –, qui se tient du 2 au 13 décembre 2019 à Madrid3 (en lieu et place de Santiago du Chili absorbée par des tensions politiques et sociales), se termine avec une note inférieure à C. Même les observateurs les plus optimistes n’en attendent pas grand-chose, estimant, au mieux, qu’il s’agit d’une COP de transition avant la COP26, à Glasgow, en novembre 20204 en dépit de l’urgence climatique5. Nous pouvons nous livrer à une analyse objective de cette rencontre en nous plaçant sous deux perspectives différentes mais complémentaires : médiatique et diplomatique. Nous pourrons enfin conclure à un immense flop international qui se traduit par une course à la lenteur. UN ÉVÈNEMENT MÉDIATIQUE : LA COURSE À LA DÉMAGOGIEPour bien comprendre la réalité des enjeux de la COP25 (comme celles qui l’on précédées), un petit détour par la chanson populaire s’impose. Sans oublier, la dimension spectaculaire de cet évènement planétaire qui est loin d’être négligeable. Le remake de la mamma Comme l’aurait chanté en son temps, Charles Aznavour (en le plagiant légèrement), la COP25 pourrait ainsi se décliner : « Ils sont venus Ils sont tous là Dès qu’ils ont entendu ce cri Elle va mourir, la planète (la mamma) Ils sont venus Ils sont tous là Même ceux du sud de la Suède (l’Italie) Y a même Greta, la fille prodigue (Giorgio, le fils maudit) Avec des présents plein les bras Tous les enfants jouent en silence Autour du lit ou sur le carreau Mais leurs jeux n’ont pas d’importance C’est un peu leurs derniers cadeaux A la planète (la mamma) On la réchauffe de baisers On lui remonte ses oreillers Elle va mourir, la planète (la mamma) Sainte Marie pleine de grâces Dont la statue est sur la place Bien sûr vous lui tendez les bras En lui chantant Ave Gaia6 (Ave Maria) Ave Maria (Ave Maria) … ». L’Histoire ne serait-elle qu’un éternel recommencement surtout dans le genre mauvaise comédie de boulevard à la sauce onusienne ? Le spectacle n’est plus autour du tapis vert C’est que, contrairement à nos dirigeants irresponsables, la société civile ne plaisante pas avec l’avenir de la planète depuis que les experts et autres collapsologues tirent la sonnette d’alarme7. Elle a parfaitement compris que le spectacle ne se joue plus dans les salles de négociation aveugles8. Il se joue désormais sur les trottoirs avec des marches citoyennes9 et sur les plateaux de télévision des chaînes d’abrutissement en continu avec de la téléréalité. C’est désormais à celui qui en fera le plus dans le registre catastrophiste pour jouer sur les peurs des braves citoyens et pour alimenter au passage son fonds de commerce. C’est à celui qui inventera le gadget le plus kitsch, le plus baroque qui fasse le buzz l’espace d’une COP, d’un remake de la kermesse héroïque ! Hier, Jupiter avait sidéré le monde avec son initiative intitulée « Make our Planet Great Again », en anglais dans le texte. Résultat, elle a fait pschitt. Comme ce fut le cas pour son « One Planet Summit » dont personne ne se souvient aujourd’hui. Désormais, c’est au tour de John Kerry, l’ex-secrétaire d’État de Barack Obama de faire mieux. Dans un style hollywoodien, il lance, à grands renforts de tam-tam médiatique, une coalition intitulée : « World War Zero » afin de relever le niveau d’ambition des États pour lutter contre le gaz à effet de serre (GES). Pour bien faire et faire bonne mesure, il réunit personnalités politiques de tous bords mais surtout stars du cinéma, du monde de la chanson. En un mot, la crème du bling-bling climatique pour faire la guerre aux climato-sceptiques. Les organisateurs de la COP25 ne veulent pas être en reste. Ils ont trouvé un slogan pour cette COP du Chili qui se passe à Madrid par une facétie de l’Histoire : « UN Climate Change Conference ». Comme dirait l’autre, si vous avez compris quelque chose à ce que vous venez de lire, c’est que j’ai mal expliqué la situation. On l’aura compris, l’opération enfumage médiatico-diplomatique fonctionne à plein rendement à l’instar d’une centrale à charbon polonaise ou chinoise des plus polluantes. Ce serait plutôt du genre, il faut que tout change pour que rien ne change. N’oublions pas le coup de gueule du président du Conseil constitutionnel, l’inénarrable Laurent Gafius qui, sur RTL le 3 décembre 2019, joue la comédie du héros (de la COP21) dont l’immense succès (de 2015) est foulé aux pieds par quelques irresponsables qui n’ont rien compris à l’enjeu de la défense de la planète. Pathétique et comique pour celui qui nous avait fait prendre des vessies pour des lanternes en décembre 201510. Et notre plaisantin de s’offusquer de la procrastination au fil des COP qui mettrait à mal sa grande œuvre diplomatique et qui s’effondre comme vulgaire un château de sable. Toute cette agitation ressemble à s’y méprendre à une réédition des branquignols. Si sur un plan médiatique nous sommes dans le trop plein, sur un plan international, la COP25 relève de la diplomatie du vide. Un exercice bien rôdé de la diplomatie multilatérale onusienne. Elle dispose d’une expertise incontestable en la matière surtout pour tenter de masquer le poison de la division de l’introuvable communauté internationale sur la question climatique. UN (NON) ÉVÈNEMENT DIPLOMATIQUE : LE POIDS DES PARADOXES Sur un plan diplomatique, la COP25 relève du ou, plus exactement, des paradoxe (s) qui en font sa marque de fabrique parfaitement indentifiable au fil des vingt-cinq exercices auxquels le monde assiste incrédule. C’est à travers leur compréhension que l’on mesure le défi de la réunion de Madrid comme de toutes ses sœurs. Paradoxes du temps, du droit, de l’Union européenne, de l’économie et de l’hypocrisie. Paradoxe du temps Tous les diplomates un tant soit peu expérimentés de la chose multilatérale savent que des problèmes aussi complexes que ceux de la protection de l’environnement et du climat ne peuvent se régler par un coup de baguette magique à la faveur d’un grand rendez-vous onusien annuel ! Prenons deux exemples tirés de la sphère politico-militaire. Le premier est l’accord sur le nucléaire iranien conclu le 14 juillet 2015 à Vienne entre un nombre très restreint de participants. Il aura fallu treize ans pour parvenir au résultat escompté alors que le sujet est moins ardu que celui traité par les COP. Nous avons pu constater plus tard qu’il fallait moins de temps que cela pour que l’un des principaux acteurs (les États-Unis de Donald Trump) le déchire comme un vulgaire bout de papier usagé. Le second est le traité de non-prolifération des armes nucléaires (TNP) dont les conférences d’examen ont lieu tous les cinq ans. Entre deux grandes conférences se tiennent des réunions d’experts pour déblayer le terrain. Et le moins que l’on puisse dire est qu’il y a plus de bas que de hauts. Et pour conclure sur ce point, il est évident que soit le temps contribue à bâtir la confiance entre participants – ce qui est de moins en moins le cas – et tout est permis, soit le temps produit de la défiance – ce qui est de plus en plus le cas – et le pire est possible. L’exercice des COP n’échappe pas à cette leçon de l’expérience des diplomates blanchis sous le harnais. Paradoxe du droit Avec cette dimension juridique du problème, nous revenons à l’ambiguïté du consensus obtenu lors de la COP21 sous présidence française que nous soulignions déjà à l’époque alors que le buzz médiatique couvrait la voix de la raison11. Dimension importante d’un accord international qui fut largement passée sous silence pour ne pas gâcher la grande fête de Laurent Gafius ! Nous avions attiré l’attention de nos lecteurs à l’époque. Quoi qu’en disent certains, l’accord conclu à Paris n’a rien d’un accord juridiquement contraignant ! Souvenons qu’à la veille du clap de fin, John Kerry, secrétaire d’état américain avait exigé de son homologue français que le texte soit rédigé au conditionnel (non contraignant) en lieu et place du futur (contraignant et nécessitant un accord du Congrès). Tel fut le prix à payer pour obtenir le consensus. Ce qui signifie que l’accord de Paris ressemble plus à un engagement moral qu’à un accord juridiquement contraignant. Les objectifs envisagés pour les réductions des GES étaient aussi flous dans leur contenu qu’éloignés dans le temps. Le système mou mis en place ne comportait donc pas de système dur (robuste) de vérification des engagements souscrits comme de sanctions en cas de violation. C’est toute la différence entre l’accord de Paris et la convention d’interdiction des armes chimiques de 1993. Nous nous trouvons au cœur de la diplomatie, un travail de dentelle dans lequel le vocabulaire et la conjugaison ont toute leur importance. Ce qu’ignorent tant notre élite arrogante que nos perroquets à carte de presse incultes. Paradoxe de l’Union européenne Les 27 (ne parlons plus des 28) ne sont pas à un paradoxe près au moment où la nouvelle présidente de la Commission européenne, Ursula von der Leyen fait de la lutte contre le réchauffement climatique l’une des premières priorités de son mandat12. Elle évoque désormais un « green deal » européen13. De son côté, le Parlement a adopté à Bruxelles, fin novembre 2019, une résolution déclarant l’état d’urgence climatique, faisant du continent européen le premier à prendre une telle décision. Pour sa part, le Conseil européen n’est pas en reste. Le 13 décembre 2019, il parvient à s’accorder sur la neutralité carbone pour 1950. Léger bémol, la Pologne refuse de s’engager sur cet objectif réclamant un délai et des aides financières14. Cette même Europe semble néanmoins peu pressée de revoir ses ambitions à la hausse en termes de réduction de gaz à effet de serre15. Il est vrai que les promesses n’engagent que ceux qui les reçoivent16. Certes, la Banque européenne d’investissement a décidé récemment de mettre un terme au financement du pétrole, du gaz et du charbon à partir de 2021. Mais un nouveau rapport d’Oxfam et des Amis de la Terre souligne, à la veille de la réunion de Madrid, qu’en 2018 « les émissions de gaz à effet de serre issues des activités de financement des quatre principales banques françaises – BNP Paribas, Crédit agricole, Société générale et BPCE – dans le secteur des énergies fossiles ont atteint plus de 2 milliards de tonnes équivalent CO2, soit 4,5 fois les émissions de la France »17. Ne parlons pas de tous les États qui dépendent largement du charbon pour leur consommation énergétique et qui ne sont pas encore prêts à abandonner la proie pour l’ombre ! Dans ce domaine, comme dans bien d’autres, les Européens ne sont d’accord sur rien si ce n’est sur leur désaccord. Il faudra que le nouvel exécutif européen en tienne compte pour éviter que la désunion européenne ait bientôt raison de l’Union européenne. Cela s’appelle la Realpolitk dans la sphère de la diplomatie et de la politique étrangère. Paradoxe de l’économie L’une des principales difficultés de l’exercice des COP tient à son déficit d’approche globale de la question climatique, les négociateurs étant uniquement concentrés sur sa dimension technique alors même que tout est dans tout. Il y a bien longtemps déjà – c’était au siècle dernier – avait été inventé le concept de « développement durable » qui rendait mieux compte de la complexité de la réalité environnementale. Souvenons-nous du droit au développement, appuyé sur un droit du développement, qui aboutit dans les années 70 à la Déclaration d’un Nouvel ordre économique international, d’une Charte des droits et devoirs économiques des Etats… On en attendait la fin du sous-développement, grâce à des réformes juridiques, à des normes qui sont restées déclaratoires, comme le rappelle justement un universitaire, expert des relations internationales. On sait ce qu’il est advenu. Aujourd’hui, la question de la protection du climat, comme celle de l’environnement, ne peut être raisonnablement traitée que dans le cadre d’une approche globale à dimension économique18. Quel prix économique (financier et social)19, les citoyens sont-ils prêts à payer pour obtenir un mieux climatique ? La réponse est loin d’être évidente si l’on se rappelle que la crise des « gilets jaunes » a démarré après l’annonce d’une hausse du prix des carburants. L’on pourrait multiplier les exemples à l’infini avec le charbon. Nous sommes au cœur de la faiblesse intrinsèque du processus des COP. Veut-on/peut-on le corriger ? Paradoxe de l’hypocrisie Si la Chine électrise son économie à grande vitesse, ce qui est une bonne chose en termes de décarbonation de son économie, elle le fait cependant en construisant des centrales électriques fonctionnant… au charbon20. Si la mobilisation de la société civile, et en particulier des jeunes, n’a jamais été aussi forte, force est de constater que les 7 millions de personnes dans les rues en septembre dans le monde n’ont que peu pesé sur les négociations en cours au même moment à New York. Mais les faits sont têtus. La révision à la hausse des ambitions climatiques ne pouvait pas faire l’objet d’une décision proprement dite à Madrid. En vertu de l’accord de Paris de 2015, les parties ont en effet jusqu’en 2020 pour soumettre de nouvelles « contributions déterminées au niveau national » (« nationaly determined contribution », NDC, en anglais), qui donnent pour chaque État – ou pour l’Union européenne – les efforts et politiques engagés pour réduire les émissions de gaz à effet de serre. De fait, on ne peut pas dire que les États se bousculent au portillon pour annoncer leur nouvelle ambition. À l’heure actuelle, ceux qui se sont d’ores et déjà engagés à mettre à jour leur NDC ne représentent que 10 % des émissions mondiales. Ceux qui se sont engagés à revoir leur ambition à la hausse représentent 8 % des émissions. Seules les îles Marshall ont pour l’instant soumis leur nouvelle NDC… Dans ce contexte défavorable, que pouvait-on attendre de concret et de tangible de la COP25 en dépit des multiples attentes des citoyens ?21 UN FLOP INTERNATIONAL : LA COURSE À LA LENTEUR En dépit des énormes retards accumulés par rapport aux objectifs fixés lors de la COP21, la conférence s’amuse, s’abuse, butte sur deux gros morceaux de choix. Un énorme retard sur les objectifs fixés à Paris Comment faire abstraction des évidences du réel, au nom de la Realpolitik, ce qui est un paradoxe, un de plus ? Dans un rapport rendu public à la veille de la COP, le Programme des Nations unies pour l’environnement (PNUE) a lancé un avertissement aux 196 États qui devaient se réunir à Madrid. En substance : vous avez perdu une décennie (2009-2019) à ne rien faire pour réduire les gaz à effet de serre, vous allez devoir en faire beaucoup plus et beaucoup plus vite dans la décennie à venir si vous voulez maintenir le réchauffement climatique à + 1,5 °C. Sébastien Treyer, directeur du think tank Iddri, juge tout de même que Madrid constitue une « étape importante pour se préparer collectivement et individuellement aux efforts à faire en 2020 ». Mais sa directrice du programme climat elle-même, Lola Vallejo, estime que « la vraie deadline, c’est la COP26 ». Le constat est objectif. Il est vrai que les grands État pollueurs en manifestent pas un grand enthousiaste à aller de l’avant22. Deux grosses pierres d’achoppement et un morceau de choix Deux gros sujets, très clivants, sont sur la table ainsi qu’un point pour l’avenir, sans qu’on puisse encore dire de quelle façon ils seront conclus, s’ils le sont : le marché carbone23 et le mécanisme des pertes et dommages24. Le premier point concerne l’article 6 des règles de l’accord de Paris. Il s’agit donner un cadre clair pour permettre des échanges d’émissions de CO2 entre pays. Une telle possibilité était déjà offerte aux pays riches, qui pouvaient acheter aux pays en voie de développement des droits à polluer. Avec l’accord de Paris, toutefois, les pays en voie de développement doivent à leur tour réduire leurs émissions. Le but de l’article 6 est donc de mettre en place des règles. Et ce alors même que les pays en voie de développement ont de moins en moins intérêt à vendre leur CO2 non émis, puisqu’ eux-mêmes en ont besoin. Les négociations avaient achoppé lors de la COP24, en 2019 à Katowice, en Pologne. Pour le Réseau Action Climat, ces négociations sont un « enjeu majeur » à Madrid. Les nouvelles règles, si elles sont « mal définies », « créeraient une brèche irréparable dans l’accord de Paris et mettraient en péril l’atteinte de ses objectifs ». « Les pays devront donc être intransigeants sur la qualité des règles à adopter, poursuit le réseau d’ONG. Même en présence d’opposants de taille comme le Brésil, l’ambition de l’accord de Paris et le respect des droits humains ne sont pas négociables. ». Pour Greenpeace, un article 6 mal négocié « menace de transformer l’accord de Paris en vaste marché carbone, déresponsabilisant du même coup les États dans les efforts à fournir pour baisser les émissions de gaz à effet de serre ». Le Brésil est particulièrement montré du doigt, car il essaye de faire passer un double comptage des crédits carbone – les réductions de CO2 seraient prises en compte dans le pays vendeur comme dans le pays acheteur. Ce risque de double prise en compte n’est pas le seul problème soulevé : la fixation du prix des émissions pose elle aussi d’épineuses questions25. Ce n’est pas un hasard si ce point ne fait pas consensus26. Le second point problématique porte sur la révision du mécanisme de Varsovie sur les pertes et préjudices (« loss and damages » en anglais). Les »pertes et préjudices”, ce sont « en quelque sorte ce à quoi les États doivent faire face sans pouvoir s’adapter », décrypte Lola Vallejo de l’Iddri. Mis en place lors de la COP19 en 2013, ce mécanisme vise à la fois à améliorer la compréhension de ce que sont les pertes et préjudices, à faciliter les échanges et, surtout, à renforcer l’action et le soutien en cas de pertes et de préjudices. Les pays en voie de développement, qui subissent déjà pour beaucoup les conséquences d’un changement climatique dont ils ne sont pas responsables, demandent un flux d’argent additionnel provenant de ce mécanisme. En 2015, lors de l’accord de Paris, l’article 8 sur les pertes et préjudices avait été adopté in extremis mais aujourd’hui il ne propose aucune piste concrète pour répondre financièrement au problème. À la COP24, cette question avait été « réduite au strict minimum », comme l’indiquait Fanny Petitbon de l’association CARE à l’époque. Les États-Unis, pendant deux semaines, avaient systématiquement remis des parenthèses dès que le terme apparaissait et avaient tout fait pour que cet élément soit inclus dans le chapitre de l’adaptation. Pourtant, selon le rapport 2019 de Civil Society Review, à eux seuls, les États-Unis et les pays de l’Union européenne sont responsables de 54 % des coûts des réparations nécessaires à la suite des désastres climatiques dans les pays du Sud. Sur cette question, le Réseau action climat estime qu’il « existe déjà des options pour mobiliser les ressources financières nécessaires sans peser sur les budgets nationaux ». Le RAC cite en exemple la création de financements dits « innovants » : « une taxe sur les émissions des transports aérien et maritime, une taxe sur les transactions financières ou sur l’extraction des énergies fossiles ». Un autre point fait l’objet de discussions, dans la foulée des deux rapports spéciaux du GIEC parus cette année – sur l’utilisation des terres et les océans27 – et de celui de IBPES sur la biodiversité et avant le congrès mondial pour la nature prévu au printemps prochain à Marseille et, surtout, la COP15 de Kunming en Chine, fin 2020. À Madrid, les États doivent ouvrir un dialogue sur le lien entre climat et biodiversité. Il s’agirait notamment de mettre dans les NDC des solutions basées sur la nature tout en prenant garde de ne pas céder aux « fausses solutions ». Procrastination 26 Fausses ou vraies, les solutions prônées par les États ne seront de toute façon pas connues avant 2020 et la prochaine COP28. Ce que l’on appelle botter en touche. Comme le souligne justement bien Le Parisien (6 décembre 2019) : « Il s’agit d’une COP purement technique et de transition ». Mais, il y a mieux encore, la conclusion de l’article du Canard enchaîné intitulé « Procrastination 26 » qui se lit ainsi : « Et de nous renvoyer à la COP26, qui se déroulera l’an prochain à Glasgow et sera, elle, vraiment décisive, historique, concrète, révolutionnaire, mobilisatrice, inventive, engagée, déterminante, foudroyante. Promis-juré ! ». Une vielle ficelle des vieux routiers de la diplomatie multilatérale onusienne, masquer l’échec du présent en misant sur le succès de l’avenir. La méthode du bon docteur Coué revisitée à la sauce climatique. De qui se moque-t-on ? Combien de temps va durer cette comédie de boulevard de piètre facture ?29 Les COP buttent toujours sur le même problème insoluble : s’accorder sur une définition des règles d’application de l’accord de Paris de 2015. L’on revient toujours au péché originel : quand c’est flou, il y a un loup. Que coût pour quel résultat ? Deux semaines de discussion pour un échec cuisant30. « Les diplomates paraphent avec gravité des protocoles qui engagent leurs ministres à signer des traités. Ensuite, les ministres signent avec désinvolture des traités qui, eux, n’engagent à rien » (Jean Giraudoux). Telle est la meilleure explication que l’on peut trouver à la paralysie du processus des COP. Laurent Fabius n’avait pas compris en décembre 2015, lors de la COP21, que toute sa littérature n’engageait à rien si ce n’était les bons élèves de la classe, les cancres s’en tenant à distance raisonnable. Il est rattrapé par la réalité et par les limites de la théorie de l’ambiguïté constructive dans la négociation diplomatique. C’est bien connu, on ne sort de l’ambiguïté qu’à son détriment. L’heure de vérité a sonné dès la COP22 et ne cesse de rappeler au bon souvenir des négociateurs année après année. La COP25 ne fait pas exception à la règle. Comme à l’accoutumée, demain on rase gratis. Les promesses n’engagent que ceux qui les reçoivent. Jamais COP Climatique ne fit pareil flop tant elle était minée par le poison de la désunion et par une profondeur très superficielle. Il est grand temps d’en tirer les conséquences qui s’imposent pour éviter de sombrer dans le ridicule qui tue à mort lente. De l’importance d’être constant dans la diplomatie comme dans d’autres sphères des sciences humaines. La meilleure conclusion que l’on puisse tirer de cette mauvaise farce diplomatique est celle du volatil : COP25 ou Procrastination 2531. Guillaume Berlat
16 décembre 2019

 "
8,3,2019,,"""Vous aussi vous niez le réchauffement climatique ?"" : Aymeric Caron quitte le plateau de Sud Radio après un sondage ","Dépité et exaspéré par la « négation » de l’un des principaux dogmes euromondialistes (avec l’euro et l’immigration), Aymeric Caron a quitté le plateau de Sud Radio en pleine discussion sur le réchauffement climatique.   Le tour de table de trop pour l’écrivain et militant végane et antispéciste Aymeric Caron ! Visiblement abasourdi par la forte tendance climatosceptique des invités et auditeurs de Sud Radio, le fondateur du microparti politique REV (Rassemblement des écologistes pour le vivant) a incriminé la faiblesse critique du bas peuple et le manquement déontologique à la pluralité d’opinions... Un exemple de plus du rapport très particulier qu’entretiennent les défenseurs de la « tolérance » et du « progrès » avec la démocratie. Évidemment le prédécesseur (et successeur ?) d’Angot chez Ruquier rêve que son obsession climatique soit sacralisée à l’instar de la Shoah... Le réseau euromondialiste sera-t-il un jour capable d’imposer une loi Gayssot sur le réchauffement climatique afin d’empêcher toute négation ?       "
